attribute,quartile,val_min,val_max,system,count,accuracy,sensitivity,specificity,f1_score,roc_auc,tp,fp,tn,fn
contrast,Q1,10.186,15.599,Baseline,138,0.942,0.9398,0.9455,0.9512,0.9682,78,3,52,5
contrast,Q1,10.186,15.599,AGCWD,138,0.942,0.9398,0.9455,0.9512,0.965,78,3,52,5
contrast,Q1,10.186,15.599,Proposed_ARPS,138,0.9493,0.9398,0.9636,0.9571,0.9498,78,2,53,5
contrast,Q2,15.603,18.09,Baseline,137,0.9489,0.9324,0.9683,0.9517,0.9876,69,2,61,5
contrast,Q2,15.603,18.09,AGCWD,137,0.9489,0.9189,0.9841,0.951,0.9831,68,1,62,6
contrast,Q2,15.603,18.09,Proposed_ARPS,137,0.9489,0.9324,0.9683,0.9517,0.9878,69,2,61,5
contrast,Q3,18.109,21.512,Baseline,137,0.9416,0.9492,0.9359,0.9333,0.9835,56,5,73,3
contrast,Q3,18.109,21.512,AGCWD,137,0.9416,0.9322,0.9487,0.9322,0.9776,55,4,74,4
contrast,Q3,18.109,21.512,Proposed_ARPS,137,0.927,0.9322,0.9231,0.9167,0.9748,55,6,72,4
contrast,Q4,21.524,44.131,Baseline,138,0.8623,0.8095,0.9067,0.843,0.9585,51,7,68,12
contrast,Q4,21.524,44.131,AGCWD,138,0.8551,0.7778,0.92,0.8305,0.9405,49,6,69,14
contrast,Q4,21.524,44.131,Proposed_ARPS,138,0.8768,0.7937,0.9467,0.8547,0.9644,50,4,71,13
sharpness,Q1,296.779,1258.269,Baseline,138,0.9348,0.8372,0.9789,0.8889,0.9745,36,2,93,7
sharpness,Q1,296.779,1258.269,AGCWD,138,0.9275,0.7907,0.9895,0.8718,0.9596,34,1,94,9
sharpness,Q1,296.779,1258.269,Proposed_ARPS,138,0.942,0.8372,0.9895,0.9,0.9753,36,1,94,7
sharpness,Q2,1302.859,2112.706,Baseline,137,0.927,0.9608,0.8286,0.9515,0.9655,98,6,29,4
sharpness,Q2,1302.859,2112.706,AGCWD,137,0.9197,0.9314,0.8857,0.9453,0.9387,95,4,31,7
sharpness,Q2,1302.859,2112.706,Proposed_ARPS,137,0.9051,0.9216,0.8571,0.9353,0.944,94,5,30,8
sharpness,Q3,2115.76,3021.704,Baseline,137,0.9051,0.9048,0.9057,0.9212,0.9656,76,5,48,8
sharpness,Q3,2115.76,3021.704,AGCWD,137,0.9197,0.9167,0.9245,0.9333,0.9746,77,4,49,7
sharpness,Q3,2115.76,3021.704,Proposed_ARPS,137,0.9197,0.9286,0.9057,0.9341,0.9497,78,5,48,6
sharpness,Q4,3023.705,7141.64,Baseline,138,0.9275,0.88,0.9545,0.898,0.9816,44,4,84,6
sharpness,Q4,3023.705,7141.64,AGCWD,138,0.9203,0.88,0.9432,0.8889,0.9677,44,5,83,6
sharpness,Q4,3023.705,7141.64,Proposed_ARPS,138,0.9348,0.88,0.9659,0.9072,0.9675,44,3,85,6
noise,Q1,0.0,1.483,Baseline,137,0.9197,0.7838,0.97,0.8406,0.9592,29,3,97,8
noise,Q1,0.0,1.483,AGCWD,137,0.9051,0.6757,0.99,0.7937,0.917,25,1,99,12
noise,Q1,0.0,1.483,Proposed_ARPS,137,0.9197,0.7297,0.99,0.8308,0.9716,27,1,99,10
noise,Q2,1.483,2.965,Baseline,138,0.8986,0.9211,0.871,0.9091,0.968,70,8,54,6
noise,Q2,1.483,2.965,AGCWD,138,0.9203,0.9342,0.9032,0.9281,0.9652,71,6,56,5
noise,Q2,1.483,2.965,Proposed_ARPS,138,0.9058,0.9211,0.8871,0.915,0.9476,70,7,55,6
noise,Q3,2.965,2.965,Baseline,137,0.9124,0.9121,0.913,0.9326,0.9761,83,4,42,8
noise,Q3,2.965,2.965,AGCWD,137,0.9051,0.9011,0.913,0.9266,0.9668,82,4,42,9
noise,Q3,2.965,2.965,Proposed_ARPS,137,0.9197,0.9121,0.9348,0.9379,0.9639,83,3,43,8
noise,Q4,2.965,4.448,Baseline,138,0.9638,0.96,0.9683,0.9664,0.9953,72,2,61,3
noise,Q4,2.965,4.448,AGCWD,138,0.9565,0.96,0.9524,0.96,0.9913,72,3,60,3
noise,Q4,2.965,4.448,Proposed_ARPS,138,0.9565,0.96,0.9524,0.96,0.9879,72,3,60,3
illumination_variation,Q1,6.132,11.105,Baseline,138,0.9493,0.9405,0.963,0.9576,0.9753,79,2,52,5
illumination_variation,Q1,6.132,11.105,AGCWD,138,0.9493,0.9405,0.963,0.9576,0.9678,79,2,52,5
illumination_variation,Q1,6.132,11.105,Proposed_ARPS,138,0.9565,0.9405,0.9815,0.9634,0.9669,79,1,53,5
illumination_variation,Q2,11.127,15.53,Baseline,137,0.9708,0.9639,0.9815,0.9756,0.9909,80,1,53,3
illumination_variation,Q2,11.127,15.53,AGCWD,137,0.9635,0.9639,0.963,0.9697,0.9967,80,2,52,3
illumination_variation,Q2,11.127,15.53,Proposed_ARPS,137,0.9635,0.9639,0.963,0.9697,0.9842,80,2,52,3
illumination_variation,Q3,15.533,20.649,Baseline,137,0.9343,0.92,0.9425,0.9109,0.9763,46,5,82,4
illumination_variation,Q3,15.533,20.649,AGCWD,137,0.9489,0.94,0.954,0.9307,0.9786,47,4,83,3
illumination_variation,Q3,15.533,20.649,Proposed_ARPS,137,0.927,0.92,0.931,0.902,0.9706,46,6,81,4
illumination_variation,Q4,20.71,43.574,Baseline,138,0.8406,0.7903,0.8816,0.8167,0.9489,49,9,67,13
illumination_variation,Q4,20.71,43.574,AGCWD,138,0.8261,0.7097,0.9211,0.7857,0.9162,44,6,70,18
illumination_variation,Q4,20.71,43.574,Proposed_ARPS,138,0.8551,0.7581,0.9342,0.8246,0.9559,47,5,71,15
